Workbook
Name _CurrentWeek: TODAY()-WEEKDAY(TODAY(),1)+1
Name ae: [1]Roster!#REF!
Name Agents: [1]!Table19[#All]
Name LOB: [1]APS!$B$3
Name Status: [1]APS!$B$2
Name Wave: [1]APS!$D$2

Sheet EDB
A1: CCMS | B1: NT Login | C1: UID | D1: Client Email | E1: Extension | F1: Wave | G1: Name | H1: Location | I1: Team Lead | J1: Floor Manager | K1: LOB | L1: Sunday | N1: Monday | P1: Tuesday | R1: Wednesday | T1: Thursday | V1: Friday | X1: Saturday | Z1: Countable Bucket | AA1: Tenure Bucket | AB1: Paid Weekly Hours
L2: Start | M2: End | N2: Start | O2: End | P2: Start | Q2: End | R2: Start | S2: End | T2: Start | U2: End | V2: Start | W2: End | X2: Start | Y2: End
A3: 5268201 | B3: rojasalmarante.5 | C3: U539785 | D3: Gerardo_Rojas_Almarante@bcbsil.com | E3: 2009531665 | F3: 1 | G3: Rojas, Gerardo | H3: B&M | I3: Feliz Diaz, Jordy R | J3: Quezada, Alfredo | K3: Medicare | L3: OFF | M3: OFF | N3: 0.41666667 | O3: 0.79166667 | P3: 0.41666667 | Q3: 0.79166667 | R3: 0.41666667 | S3: 0.79166667 | T3: 0.41666667 | U3: 0.79166667 | V3: 0.41666667 | W3: 0.79166667 | X3: OFF | Y3: OFF | Z3: 1104 | AA3: >390 | AB3: 42.5
A4: 4968570 | B4: ramirezmejia.36 | C4: U509557 | D4: Kashmil_Ramirez_Mejia@bcbsil.com | E4: 2009531160 | F4: 1 | G4: Ramirez, Kashmil | H4: B&M | I4: Feliz Diaz, Jordy R | J4: Quezada, Alfredo | K4: Medicare | L4: OFF | M4: OFF | N4: 0.33333333 | O4: 0.70833333 | P4: 0.33333333 | Q4: 0.70833333 | R4: 0.33333333 | S4: 0.70833333 | T4: 0.33333333 | U4: 0.70833333 | V4: 0.33333333 | W4: 0.70833333 | X4: OFF | Y4: OFF | Z4: 1127 | AA4: >390 | AB4: 42.5
A5: 5301084 | B5: fermindiaz.5 | C5: U540402 | D5: Edward_Fermin_Diaz@bcbsil.com | E5: 2009530440 | F5: 2 | G5: Fermin, Edward | H5: B&M | I5: Baez Parra, Wanda | J5: Quezada, Alfredo | K5: Medicare | L5: OFF | M5: OFF | N5: 0.33333333 | O5: 0.66666667 | P5: 0.33333333 | Q5: 0.70833333 | R5: 0.33333333 | S5: 0.66666667 | T5: 0.33333333 | U5: 0.70833333 | V5: 0.33333333 | W5: 0.70833333 | X5: OFF | Y5: OFF | Z5: 1071 | AA5: >390 | AB5: 40.5
A6: 5306249 | B6: mariam.41 | C6: U540896 | D6: Maria_Mateo@bcbsil.com | E6: 2009532431 | F6: 2 | G6: Mateo, Maria | H6: B&M | I6: Quinones Melo, Juan | J6: Quezada, Alfredo | K6: Medicare | L6: OFF | M6: OFF | N6: 0.375 | O6: 0.75 | P6: 0.375 | Q6: 0.75 | R6: 0.375 | S6: 0.75 | T6: 0.375 | U6: 0.75 | V6: 0.375 | W6: 0.75 | X6: OFF | Y6: OFF | Z6: 1064 | AA6: >390 | AB6: 42.5
A7: 5031839 | B7: joseg.6 | C7: U532749 | D7: Jose_Gonzalez_Garcia@bcbsil.com | E7: 2009530728 | F7: 2 | G7: Gonzalez, Jose | H7: B&M | I7: Quinones Melo, Juan | J7: Quezada, Alfredo | K7: Medicare | L7: OFF | M7: OFF | N7: 0.375 | O7: 0.75 | P7: 0.375 | Q7: 0.75 | R7: 0.375 | S7: 0.75 | T7: 0.375 | U7: 0.75 | V7: 0.375 | W7: 0.75 | X7: OFF | Y7: OFF | Z7: 1349 | AA7: >390 | AB7: 42.5
A8: 4728904 | B8: rosariobelliard.5 | C8: U534964 | D8: Cynthia_Rosario_Belliard@bcbsil.com | E8: 2009531711 | F8: 2 | G8: Rosario, Cynthia | H8: B&M | I8: Quinones Melo, Juan | J8: Quezada, Alfredo | K8: Medicare | L8: OFF | M8: OFF | N8: 0.33333333 | O8: 0.70833333 | P8: 0.41666667 | Q8: 0.79166667 | R8: 0.41666667 | S8: 0.79166667 | T8: 0.41666667 | U8: 0.79166667 | V8: 0.41666667 | W8: 0.79166667 | X8: OFF | Y8: OFF | Z8: 1190 | AA8: >390 | AB8: 42.5
A9: 5146060 | B9: jeanfrancois.18 | C9: U533718 | D9: Oldor_Jean_Francois@bcbsil.com | E9: 2009531321 | F9: 2 | G9: Jean, Oldor | H9: B&M | I9: Feliz Diaz, Jordy R | J9: Quezada, Alfredo | K9: Medicare | L9: OFF | M9: OFF | N9: 0.33333333 | O9: 0.70833333 | P9: 0.33333333 | Q9: 0.70833333 | R9: 0.33333333 | S9: 0.70833333 | T9: 0.33333333 | U9: 0.70833333 | V9: 0.33333333 | W9: 0.70833333 | X9: OFF | Y9: OFF | Z9: 1218 | AA9: >390 | AB9: 42.5
A10: 5207891 | B10: freitespuello.5 | C10: U540291 | D10: Jasser_Freites_Puello@bcbsil.com | E10: 2009532515 | F10: 3 | G10: Freites, Jasser | H10: B&M | I10: Feliz Diaz, Jordy R | J10: Quezada, Alfredo | K10: Medicare | L10: OFF | M10: OFF | N10: 0.41666667 | O10: 0.79166667 | P10: 0.41666667 | Q10: 0.79166667 | R10: 0.41666667 | S10: 0.79166667 | T10: 0.41666667 | U10: 0.79166667 | V10: 0.41666667 | W10: 0.79166667 | X10: OFF | Y10: OFF | Z10: 1155 | AA10: >390 | AB10: 42.5
A11: 5272864 | B11: bernardt.5 | C11: U539584 | D11: Bernard_Trinidad_Soto@bcbsil.com | E11: 2009531972 | F11: 4 | G11: Trinidad, Bernard | H11: B&M | I11: Baez Parra, Wanda | J11: Quezada, Alfredo | K11: Medicare | L11: OFF | M11: OFF | N11: 0.33333333 | O11: 0.70833333 | P11: 0.33333333 | Q11: 0.70833333 | R11: 0.33333333 | S11: 0.70833333 | T11: 0.33333333 | U11: 0.70833333 | V11: 0.33333333 | W11: 0.70833333 | X11: OFF | Y11: OFF | Z11: 1092 | AA11: >390 | AB11: 42.5
A12: 5169971 | B12: rafaell.8 | C12: U534985 | D12: Rafael_Lopez_Beato@bcbsil.com | E12: 2009531445 | F12: 4 | G12: Lopez, Rafael | H12: B&M | I12: Quinones Melo, Juan | J12: Quezada, Alfredo | K12: Medicare | L12: OFF | M12: OFF | N12: 0.33333333 | O12: 0.70833333 | P12: 0.33333333 | Q12: 0.70833333 | R12: 0.33333333 | S12: 0.70833333 | T12: 0.33333333 | U12: 0.70833333 | V12: 0.33333333 | W12: 0.70833333 | X12: OFF | Y12: OFF | Z12: 1190 | AA12: >390 | AB12: 42.5
A13: 5638529 | B13: aquinojerez.5 | C13: U551343 | D13: Ronal_Aquino_Jerez@bcbsil.com | E13: 2009531010 | F13: 4 | G13: Aquino, Ronal | H13: B&M | I13: Baez Parra, Wanda | J13: Quezada, Alfredo | K13: Medicare | L13: OFF | M13: OFF | N13: 0.33333333 | O13: 0.70833333 | P13: 0.33333333 | Q13: 0.70833333 | R13: 0.33333333 | S13: 0.70833333 | T13: 0.33333333 | U13: 0.70833333 | V13: 0.33333333 | W13: 0.70833333 | X13: OFF | Y13: OFF | Z13: 811 | AA13: >390 | AB13: 42.5
A14: 5621073 | B14: abreupimentel.5 | C14: U550665 | D14: Benjamin_Abreu_Pimentel@bcbsil.com | E14: 2009532792 | F14: 4 | G14: Abreu, Benjamin | H14: B&M | I14: Baez Parra, Wanda | J14: Quezada, Alfredo | K14: Medicare | L14: OFF | M14: OFF | N14: 0.33333333 | O14: 0.70833333 | P14: 0.33333333 | Q14: 0.70833333 | R14: 0.33333333 | S14: 0.70833333 | T14: 0.33333333 | U14: 0.70833333 | V14: 0.33333333 | W14: 0.70833333 | X14: OFF | Y14: OFF | Z14: 819 | AA14: >390 | AB14: 42.5
... A25: 5842851 | B25: castillo.2372 | C25: U563695 | D25: Yasmin_Castillo@bcbsil.com | E25: 2009530128 | F25: 7 | G25: Castillo, Yasmin | H25: B&M | I25: Feliz Diaz, Jordy R | J25: Quezada, Alfredo | K25: Medicare | L25: OFF | M25: OFF | N25: 0.375 | O25: 0.75 | P25: 0.375 | Q25: 0.75 | R25: 0.375 | S25: 0.75 | T25: 0.375 | U25: 0.75 | V25: 0.375 | W25: 0.75 | X25: OFF | Y25: OFF | Z25: 637 | AA25: >390 | AB25: 42.5
A26: 5632947 | B26: ortizvasquez.19 | C26: U551096 | D26: Janovi_Ortiz_Vasquez@bcbsil.com | E26: 2009530006, 2009532791 | F26: 7 | G26: Ortiz, Janovi | H26: B&M | I26: Baez Parra, Wanda | J26: Quezada, Alfredo | K26: Medicare | L26: OFF | M26: OFF | N26: 0.41666667 | O26: 0.79166667 | P26: 0.41666667 | Q26: 0.79166667 | R26: 0.41666667 | S26: 0.79166667 | T26: 0.41666667 | U26: 0.79166667 | V26: 0.41666667 | W26: 0.79166667 | X26: OFF | Y26: OFF | Z26: 812 | AA26: >390 | AB26: 42.5
A27: 6166689 | B27: mondelus.12 | C27: U579281 | D27: Castro_Mondelus@bcbsil.com | E27: 2009531743 | F27: 8 | G27: Mondelus, Castro | H27: B&M | I27: Feliz Diaz, Jordy R | J27: Quezada, Alfredo | K27: Medicare | L27: OFF | M27: OFF | N27: 0.33333333 | O27: 0.70833333 | P27: 0.33333333 | Q27: 0.70833333 | R27: 0.33333333 | S27: 0.70833333 | T27: 0.33333333 | U27: 0.70833333 | V27: 0.33333333 | W27: 0.70833333 | X27: OFF | Y27: OFF | Z27: 363 | AA27: >360 | AB27: 42.5
A28: 6168102 | B28: friascastro.7 | C28: U579282 | D28: Daniela_Frias_Castro@bcbsil.com | E28: 2009532464 | F28: 8 | G28: Frias, Daniela | H28: B&M | I28: Feliz Diaz, Jordy R | J28: Quezada, Alfredo | K28: Medicare | L28: OFF | M28: OFF | N28: 0.33333333 | O28: 0.70833333 | P28: 0.33333333 | Q28: 0.66666667 | R28: 0.33333333 | S28: 0.58333333 | T28: 0.33333333 | U28: 0.79166667 | V28: 0.375 | W28: 0.79166667 | X28: OFF | Y28: OFF | Z28: 364 | AA28: >360 | AB28: 42
A29: 6168242 | B29: sanchezmorel.8 | C29: U579285 | D29: Jeffrey_Sanchez_Morel@bcbsil.com | E29: 2009530983 | F29: 8 | G29: Sanchez, Jeffrey | H29: B&M | I29: Baez Parra, Wanda | J29: Quezada, Alfredo | K29: Medicare | L29: OFF | M29: OFF | N29: 0.41666667 | O29: 0.79166667 | P29: 0.41666667 | Q29: 0.79166667 | R29: 0.41666667 | S29: 0.79166667 | T29: 0.41666667 | U29: 0.79166667 | V29: 0.41666667 | W29: 0.79166667 | X29: OFF | Y29: OFF | Z29: 364 | AA29: >360 | AB29: 42.5
A30: 6168253 | B30: silvestre.237 | C30: U579286 | D30: Jose_Silvestre@bcbsil.com | E30: 2009530610 | F30: 8 | G30: Silvestre, Jose | H30: B&M | I30: Baez Parra, Wanda | J30: Quezada, Alfredo | K30: Medicare | L30: OFF | M30: OFF | N30: 0.41666667 | O30: 0.79166667 | P30: 0.41666667 | Q30: 0.79166667 | R30: 0.41666667 | S30: 0.79166667 | T30: 0.41666667 | U30: 0.79166667 | V30: 0.41666667 | W30: 0.79166667 | X30: OFF | Y30: OFF | Z30: 364 | AA30: >360 | AB30: 42.5
A31: 6168271 | B31: bonillabonilla.11 | C31: U579287 | D31: Starlin_Bonilla_Bonilla@bcbsil.com | E31: 2009531855 | F31: 8 | G31: Bonilla, Starlin | H31: B&M | I31: Baez Parra, Wanda | J31: Quezada, Alfredo | K31: Medicare | L31: OFF | M31: OFF | N31: 0.375 | O31: 0.75 | P31: 0.375 | Q31: 0.75 | R31: 0.375 | S31: 0.75 | T31: 0.375 | U31: 0.75 | V31: 0.375 | W31: 0.75 | X31: OFF | Y31: OFF | Z31: 364 | AA31: >360 | AB31: 42.5
A32: 6210804 | B32: hernandezalcan.5 | C32: U587081 | D32: Ana_Hernandez_Alcantara@bcbsil.com | E32: 2009531081 | F32: 9 | G32: Hernandez, Ana | H32: B&M | I32: Baez Parra, Wanda | J32: Quezada, Alfredo | K32: Medicare | L32: OFF | M32: OFF | N32: 0.375 | O32: 0.75 | P32: 0.375 | Q32: 0.75 | R32: 0.375 | S32: 0.75 | T32: 0.375 | U32: 0.75 | V32: 0.375 | W32: 0.75 | X32: OFF | Y32: OFF | Z32: 322 | AA32: >300 | AB32: 42.5
A33: 6210805 | B33: penafeliz.9 | C33: U587093 | D33: Aroa_Pena_Feliz@bcbsil.com | E33: 2009532262 | F33: 9 | G33: Peña, Aroa | H33: B&M | I33: Feliz Diaz, Jordy R | J33: Quezada, Alfredo | K33: Medicare | L33: OFF | M33: OFF | N33: 0.375 | O33: 0.75 | P33: 0.375 | Q33: 0.75 | R33: 0.375 | S33: 0.75 | T33: 0.375 | U33: 0.75 | V33: 0.375 | W33: 0.75 | X33: OFF | Y33: OFF | Z33: 322 | AA33: >300 | AB33: 42.5
A34: 6210816 | B34: alcantara.858 | C34: U587062 | D34: Viviana_Alcantara@bcbsil.com | E34: 2009532048 | F34: 9 | G34: Alcantara, Viviana | H34: B&M | I34: Baez Parra, Wanda | J34: Quezada, Alfredo | K34: Medicare | L34: OFF | M34: OFF | N34: 0.375 | O34: 0.75 | P34: 0.375 | Q34: 0.75 | R34: 0.375 | S34: 0.75 | T34: 0.375 | U34: 0.75 | V34: 0.375 | W34: 0.75 | X34: OFF | Y34: OFF | Z34: 322 | AA34: >300 | AB34: 42.5
A35: 6210817 | B35: matosquezada.7 | C35: U587097 | D35: William_Matos_Quezada@bcbsil.com | E35: 2009531362 | F35: 9 | G35: Matos, William | H35: B&M | I35: Baez Parra, Wanda | J35: Quezada, Alfredo | K35: Medicare | L35: OFF | M35: OFF | N35: 0.41666667 | O35: 0.79166667 | P35: 0.41666667 | Q35: 0.79166667 | R35: 0.41666667 | S35: 0.79166667 | T35: 0.41666667 | U35: 0.79166667 | V35: 0.41666667 | W35: 0.79166667 | X35: OFF | Y35: OFF | Z35: 322 | AA35: >300 | AB35: 42.5
A36: 4804998 | B36: canaanferry.5 | C36: U454557 | D36: Mia_Canaan_ferry@bcbsil.com | E36: 2009531206 | F36: 9 | G36: Canaan, Mia | H36: B&M | I36: Feliz Diaz, Jordy R | J36: Quezada, Alfredo | K36: Medicare | L36: OFF | M36: OFF | N36: 0.33333333 | O36: 0.625 | P36: 0.33333333 | Q36: 0.66666667 | R36: 0.33333333 | S36: 0.70833333 | T36: 0.33333333 | U36: 0.625 | V36: 0.33333333 | W36: 0.625 | X36: OFF | Y36: OFF | Z36: 1552 | AA36: >390 | AB36: 35.5
A37: 5160547 | B37: orbir.5 | C37: U534721 | D37: Orbi_Ramirez_Villegas@bcbsil.com | E37: 2009530117 | F37: 9 | G37: Ramirez, Orbi | H37: B&M | I37: Feliz Diaz, Jordy R | J37: Quezada, Alfredo | K37: Medicare | L37: OFF | M37: OFF | N37: 0.375 | O37: 0.75 | P37: 0.375 | Q37: 0.75 | R37: 0.375 | S37: 0.75 | T37: 0.375 | U37: 0.75 | V37: 0.375 | W37: 0.75 | X37: OFF | Y37: OFF | Z37: 1197 | AA37: >390 | AB37: 42.5
A38: 5160543 | B38: luiss.17 | C38: U534715 | D38: Luis_Suero_De_Jesus@bcbsil.com | E38: 2009531626 | F38: 9 | G38: Suero, Luis | H38: B&M | I38: Feliz Diaz, Jordy R | J38: Quezada, Alfredo | K38: Medicare | L38: OFF | M38: OFF | N38: 0.375 | O38: 0.75 | P38: 0.375 | Q38: 0.75 | R38: 0.375 | S38: 0.75 | T38: 0.375 | U38: 0.75 | V38: 0.375 | W38: 0.75 | X38: OFF | Y38: OFF | Z38: 1197 | AA38: >390 | AB38: 42.5
... A50: 6511512 | B50: desenaperez.5 | C50: U600227 | D50: Someri_De_Sena_Perez@hcsc.com | E50: 2009531693 | F50: 10 | G50: De Sena, Someri | H50: B&M | I50: Feliz Diaz, Jordy R | J50: Quezada, Alfredo | K50: Training | L50: OFF | M50: OFF | N50: 0.41666667 | O50: 0.79166667 | P50: 0.41666667 | Q50: 0.79166667 | R50: 0.41666667 | S50: 0.79166667 | T50: 0.41666667 | U50: 0.79166667 | V50: 0.41666667 | W50: 0.79166667 | X50: OFF | Y50: OFF | Z50: 35 | AA50: >30 | AB50: 42.5

Sheet EDB SUPS
A1: CCMS | B1: NT Login | C1: UID | D1: Client Email | E1: Extension | F1: Wave | G1: Name | H1: Location | I1: Team Lead | J1: Floor Manager | K1: LOB | L1: Sunday | N1: Monday | P1: Tuesday | R1: Wednesday | T1: Thursday | V1: Friday | X1: Saturday
L2: Start | M2: End | N2: Start | O2: End | P2: Start | Q2: End | R2: Start | S2: End | T2: Start | U2: End | V2: Start | W2: End | X2: Start | Y2: End
A3: 4828790 | B3: quezadadiaz.6 | C3: U455507 | D3: Alfredo_Quezada_Diaz@bcbsil.com | E3: 2009531355 | F3: 0 | G3: Quezada, Alfredo | H3: B&M | I3: Gonzalez, Jeremy | J3: De Los Santos, Luis | K3: Medicare | L3: OFF | M3: OFF | N3: 0.33333333 | O3: 0.70833333 | P3: 0.33333333 | Q3: 0.70833333 | R3: 0.33333333 | S3: 0.70833333 | T3: 0.33333333 | U3: 0.70833333 | V3: 0.33333333 | W3: 0.70833333 | X3: OFF | Y3: OFF
A4: 5318031 | B4: jordyf.5 | C4: U541496 | D4: Jordy_Feliz_Diaz@bcbsil.com | E4: 2009530092 | F4: 0 | G4: Rojas, Gerardo | H4: B&M | I4: Gonzalez, Jeremy | J4: De Los Santos, Luis | K4: Medicare | L4: OFF | M4: OFF | N4: 0.41666667 | O4: 0.79166667 | P4: 0.41666667 | Q4: 0.79166667 | R4: 0.41666667 | S4: 0.79166667 | T4: 0.41666667 | U4: 0.79166667 | V4: 0.41666667 | W4: 0.79166667 | X4: OFF | Y4: OFF
A5: 5278024 | B5: baezparra.5 | C5: U539573 | D5: Wanda_Baez_Parra@bcbsil.com | E5: 2009530884 | F5: 0 | G5: Estevez, Jael | H5: B&M | I5: Gonzalez, Jeremy | J5: De Los Santos, Luis | K5: Medicare | L5: OFF | M5: OFF | N5: 0.375 | O5: 0.75 | P5: 0.375 | Q5: 0.75 | R5: 0.375 | S5: 0.75 | T5: 0.375 | U5: 0.75 | V5: 0.375 | W5: 0.75 | X5: OFF | Y5: OFF

Sheet OPS Ditros
A1: CCMS | B1: Coach | C1: OPS Lead | D1: Site | E1: CCMS2 | F1: Coach4 | G1: OPS Lead5
A2: =EDB!A3 -> 5268201 | B2: =INDEX(F:F,MATCH(Table2[[#This Row],[CCMS]],E:E,0)) -> Feliz Diaz, Jordy R | C2: =INDEX(G:G,MATCH(Table2[[#This Row],[CCMS]],E:E,0)) -> Quezada, Alfredo | D2: =INDEX(#REF!,MATCH(Table2[[#This Row],[CCMS]],E:E,0)) -> #REF! | E2: 5621073 | F2: Baez Parra, Wanda | G2: Quezada, Alfredo
A3: =EDB!A4 -> 4968570 | B3: =INDEX(F:F,MATCH(Table2[[#This Row],[CCMS]],E:E,0)) -> Feliz Diaz, Jordy R | C3: =INDEX(G:G,MATCH(Table2[[#This Row],[CCMS]],E:E,0)) -> Quezada, Alfredo | D3: =INDEX(#REF!,MATCH(Table2[[#This Row],[CCMS]],E:E,0)) -> #REF! | E3: 6210804 | F3: Baez Parra, Wanda | G3: Quezada, Alfredo
A4: =EDB!A5 -> 5301084 | B4: =INDEX(F:F,MATCH(Table2[[#This Row],[CCMS]],E:E,0)) -> Baez Parra, Wanda | C4: =INDEX(G:G,MATCH(Table2[[#This Row],[CCMS]],E:E,0)) -> Quezada, Alfredo | D4: =INDEX(#REF!,MATCH(Table2[[#This Row],[CCMS]],E:E,0)) -> #REF! | E4: 5638529 | F4: Baez Parra, Wanda | G4: Quezada, Alfredo
A5: =EDB!A6 -> 5306249 | B5: =INDEX(F:F,MATCH(Table2[[#This Row],[CCMS]],E:E,0)) -> Quinones Melo, Juan | C5: =INDEX(G:G,MATCH(Table2[[#This Row],[CCMS]],E:E,0)) -> Quezada, Alfredo | D5: =INDEX(#REF!,MATCH(Table2[[#This Row],[CCMS]],E:E,0)) -> #REF! | E5: 6210805 | F5: Feliz Diaz, Jordy R | G5: Quezada, Alfredo
A6: =EDB!A7 -> 5031839 | B6: =INDEX(F:F,MATCH(Table2[[#This Row],[CCMS]],E:E,0)) -> Quinones Melo, Juan | C6: =INDEX(G:G,MATCH(Table2[[#This Row],[CCMS]],E:E,0)) -> Quezada, Alfredo | D6: =INDEX(#REF!,MATCH(Table2[[#This Row],[CCMS]],E:E,0)) -> #REF! | E6: 6168271 | F6: Baez Parra, Wanda | G6: Quezada, Alfredo
A7: =EDB!A8 -> 4728904 | B7: =INDEX(F:F,MATCH(Table2[[#This Row],[CCMS]],E:E,0)) -> Quinones Melo, Juan | C7: =INDEX(G:G,MATCH(Table2[[#This Row],[CCMS]],E:E,0)) -> Quezada, Alfredo | D7: =INDEX(#REF!,MATCH(Table2[[#This Row],[CCMS]],E:E,0)) -> #REF! | E7: 5613524 | F7: Baez Parra, Wanda | G7: Quezada, Alfredo
A8: =EDB!A9 -> 5146060 | B8: =INDEX(F:F,MATCH(Table2[[#This Row],[CCMS]],E:E,0)) -> Feliz Diaz, Jordy R | C8: =INDEX(G:G,MATCH(Table2[[#This Row],[CCMS]],E:E,0)) -> Quezada, Alfredo | D8: =INDEX(#REF!,MATCH(Table2[[#This Row],[CCMS]],E:E,0)) -> #REF! | E8: 5301084 | F8: Baez Parra, Wanda | G8: Quezada, Alfredo
A9: =EDB!A10 -> 5207891 | B9: =INDEX(F:F,MATCH(Table2[[#This Row],[CCMS]],E:E,0)) -> Feliz Diaz, Jordy R | C9: =INDEX(G:G,MATCH(Table2[[#This Row],[CCMS]],E:E,0)) -> Quezada, Alfredo | D9: =INDEX(#REF!,MATCH(Table2[[#This Row],[CCMS]],E:E,0)) -> #REF! | E9: 5632947 | F9: Baez Parra, Wanda | G9: Quezada, Alfredo
A10: =EDB!A11 -> 5272864 | B10: =INDEX(F:F,MATCH(Table2[[#This Row],[CCMS]],E:E,0)) -> Baez Parra, Wanda | C10: =INDEX(G:G,MATCH(Table2[[#This Row],[CCMS]],E:E,0)) -> Quezada, Alfredo | D10: =INDEX(#REF!,MATCH(Table2[[#This Row],[CCMS]],E:E,0)) -> #REF! | E10: 5270086 | F10: Baez Parra, Wanda | G10: Quezada, Alfredo
A11: =EDB!A12 -> 5169971 | B11: =INDEX(F:F,MATCH(Table2[[#This Row],[CCMS]],E:E,0)) -> Quinones Melo, Juan | C11: =INDEX(G:G,MATCH(Table2[[#This Row],[CCMS]],E:E,0)) -> Quezada, Alfredo | D11: =INDEX(#REF!,MATCH(Table2[[#This Row],[CCMS]],E:E,0)) -> #REF! | E11: 6168242 | F11: Baez Parra, Wanda | G11: Quezada, Alfredo
A12: =EDB!A13 -> 5638529 | B12: =INDEX(F:F,MATCH(Table2[[#This Row],[CCMS]],E:E,0)) -> Baez Parra, Wanda | C12: =INDEX(G:G,MATCH(Table2[[#This Row],[CCMS]],E:E,0)) -> Quezada, Alfredo | D12: =INDEX(#REF!,MATCH(Table2[[#This Row],[CCMS]],E:E,0)) -> #REF! | E12: 6168253 | F12: Baez Parra, Wanda | G12: Quezada, Alfredo
A13: =EDB!A14 -> 5621073 | B13: =INDEX(F:F,MATCH(Table2[[#This Row],[CCMS]],E:E,0)) -> Baez Parra, Wanda | C13: =INDEX(G:G,MATCH(Table2[[#This Row],[CCMS]],E:E,0)) -> Quezada, Alfredo | D13: =INDEX(#REF!,MATCH(Table2[[#This Row],[CCMS]],E:E,0)) -> #REF! | E13: 5272864 | F13: Baez Parra, Wanda | G13: Quezada, Alfredo
... A51: =EDB!A52 -> 0 | B51: =INDEX(F:F,MATCH(Table2[[#This Row],[CCMS]],E:E,0)) -> #N/A | C51: =INDEX(G:G,MATCH(Table2[[#This Row],[CCMS]],E:E,0)) -> #N/A | D51: =INDEX(#REF!,MATCH(Table2[[#This Row],[CCMS]],E:E,0)) -> #REF! | E51: 6511512 | F51: Feliz Diaz, Jordy R | G51: Quezada, Alfredo
